-- Insert int to country
insert into country (name) values ('Jordan');
insert into country (name) values ('China');
insert into country (name) values ('Russia');
insert into country (name) values ('Poland');
insert into country (name) values ('Brazil');
insert into country (name) values ('Croatia');
insert into country (name) values ('Germany');
insert into country (name) values ('Tanzania');
insert into country (name) values ('Syria');
insert into country (name) values ('Palestinian Territory');
insert into country (name) values ('France');
insert into country (name) values ('Philippines');
insert into country (name) values ('Peru');
insert into country (name) values ('Tanzania');
insert into country (name) values ('Ivory Coast');
insert into country (name) values ('Czech Republic');
insert into country (name) values ('Colombia');
insert into country (name) values ('Australia');
insert into country (name) values ('Peru');
insert into country (name) values ('Indonesia');
insert into country (name) values ('Sweden');
insert into country (name) values ('Madagascar');
insert into country (name) values ('Israel');
insert into country (name) values ('Macedonia');
insert into country (name) values ('Japan');
insert into country (name) values ('Estonia');
insert into country (name) values ('Indonesia');
insert into country (name) values ('France');
insert into country (name) values ('Lithuania');
insert into country (name) values ('Czech Republic');
insert into country (name) values ('Philippines');
insert into country (name) values ('Spain');
insert into country (name) values ('Portugal');
insert into country (name) values ('Guatemala');
insert into country (name) values ('Argentina');
insert into country (name) values ('Malaysia');
insert into country (name) values ('France');
insert into country (name) values ('Estonia');
insert into country (name) values ('South Africa');
insert into country (name) values ('United States');
insert into country (name) values ('Kyrgyzstan');
insert into country (name) values ('Venezuela');
insert into country (name) values ('Papua New Guinea');
insert into country (name) values ('Philippines');
insert into country (name) values ('Vietnam');
insert into country (name) values ('Zimbabwe');
insert into country (name) values ('Mexico');

-- Insert into manufacturer 
insert into manufacturer (name)
values
('Tekfly'),
('Agivu'),
('Bluejam'),
('Tagfeed'),
('Cogibox'),
('Aibox'),
('Browsezoom'),
('Eayo'),
('Ooba'),
('Roodel'),
('Oozz'),
('Kaymbo'),
('Teklist'),
('Realblab'),
('Nlounge'),
('Quatz'),
('Photojam'),
('Roombo'),
('Photobug')

-- Insert into category 
insert into category (name)
values
('men clothes'),
('women clothes'),
('mobile & gadgets'),
('electronics'),
('computers'),
('cameras'),
('watches'),
('men shoes'),
('home appliances'),
('sport & outdoor'),
('automotive'),
('moms, kids & babies'),
('home & living'),
('beauty'),
('health'),
('women shoes'),
('women bags'),
('fashion accessories'),
('grocery'),
('books')

-- Insert into tag 
insert into tag (name) values
('architecture'),
('paradigm'),
('well-modulated'),
('human-resource'),
('3rd generation'),
('product'),
('full-range'),
('Multi-lateral'),
('Total'),
('Adaptive'),
('capacity'),
('multi-state'),
('Universal'),
('bottom-line'),
('Streamlined'),
('Up-sized'),
('actuating'),
('Down-sized'),
('Phased'),
('cohesive')

-- Insert into `role` 
INSERT INTO `role`(`role`) VALUES
(1), (2), (3), (4)

-- Insert into users 
insert into users (username, email, mobile, password, full_name, gender, dob, create_at, status) values ('adurtnal0', 'adurtnal0@google.com.br', '254-636-7296', 'U0C30n8', 'Alvy Durtnal', 'Female', '1980-02-09', '2020-07-20', 'normal');
insert into users (username, email, mobile, password, full_name, gender, dob, create_at, status) values ('acolson1', 'acolson1@wix.com', '462-202-6167', 'ZXkNL2ssd', 'Alane Colson', 'Female', '1972-06-23', '2021-10-24', 'normal');
insert into users (username, email, mobile, password, full_name, gender, dob, create_at, status) values ('rtuley2', 'rtuley2@mozilla.com', '935-797-7429', 'FBUXnI5Hlsg7', 'Reinald Tuley', 'Male', '1951-05-10', '2021-12-30', 'normal');
insert into users (username, email, mobile, password, full_name, gender, dob, create_at, status) values ('rbonnick3', 'rbonnick3@japanpost.jp', '771-286-6277', 'C7NI9J885', 'Rodi Bonnick', 'Male', '1995-12-17', '2021-04-27', 'normal');
insert into users (username, email, mobile, password, full_name, gender, dob, create_at, status) values ('sjorcke4', 'sjorcke4@paypal.com', '108-737-1928', 'WGrf7dVSk', 'Sharity Jorcke', 'Female', '2001-12-19', '2020-06-23', 'normal');
insert into users (username, email, mobile, password, full_name, gender, dob, create_at, status) values ('stomkys5', 'stomkys5@economist.com', '401-792-5084', 'Th6veHpLno6Y', 'Stevana Tomkys', 'Male', '1975-04-03', '2021-02-26', 'locked');
insert into users (username, email, mobile, password, full_name, gender, dob, create_at, status) values ('tcogin6', 'tcogin6@free.fr', '588-356-3676', '79HASLs', 'Tressa Cogin', 'Female', '2003-12-05', '2022-01-19', 'normal');
insert into users (username, email, mobile, password, full_name, gender, dob, create_at, status) values ('plearmouth7', 'plearmouth7@dyndns.org', '559-528-6025', 'i17WAo', 'Peyter Learmouth', 'Male', '1967-08-02', '2020-10-26', 'locked');
insert into users (username, email, mobile, password, full_name, gender, dob, create_at, status) values ('agodfree8', 'agodfree8@samsung.com', '780-113-2795', 'u3RaEJJa1msZ', 'Andie Godfree', 'Male', '2000-11-27', '2021-02-05', 'locked');
insert into users (username, email, mobile, password, full_name, gender, dob, create_at, status) values ('sclayworth9', 'sclayworth9@ycombinator.com', '337-572-1693', '1BBYIwbF3aQA', 'Sebastian Clayworth', 'Female', '1974-05-01', '2021-12-11', 'normal');
insert into users (username, email, mobile, password, full_name, gender, dob, create_at, status) values ('ldenslowa', 'ldenslowa@usa.gov', '130-577-2665', 'uBxADXgD', 'Lazare Denslow', 'Male', '1964-02-22', '2020-06-15', 'normal');
insert into users (username, email, mobile, password, full_name, gender, dob, create_at, status) values ('xlatheyb', 'xlatheyb@myspace.com', '567-416-4025', 'REnMmIxuI', 'Xylia Lathey', 'Female', '1979-10-23', '2020-10-17', 'normal');
insert into users (username, email, mobile, password, full_name, gender, dob, create_at, status) values ('stapporc', 'stapporc@ezinearticles.com', '583-822-2990', 'BV1jnip4oO', 'Shurlocke Tappor', 'Female', '1974-09-05', '2021-02-27', 'normal');
insert into users (username, email, mobile, password, full_name, gender, dob, create_at, status) values ('elaughnand', 'elaughnand@amazon.de', '585-755-8605', 'td8Xe1', 'Emili Laughnan', 'Male', '1985-03-12', '2020-06-23', 'normal');
insert into users (username, email, mobile, password, full_name, gender, dob, create_at, status) values ('bpindere', 'bpindere@csmonitor.com', '544-441-8144', '4trw1nnkI', 'Barrie Pinder', 'Female', '1973-11-17', '2020-05-27', 'locked');
insert into users (username, email, mobile, password, full_name, gender, dob, create_at, status) values ('fmouncherf', 'fmouncherf@sitemeter.com', '733-664-7922', '9pezvsRe7sr', 'Fidelia Mouncher', 'Male', '1960-03-18', '2020-11-14', 'locked');
insert into users (username, email, mobile, password, full_name, gender, dob, create_at, status) values ('wbernardotteg', 'wbernardotteg@nhs.uk', '479-102-7764', 'TMywpM1Ay', 'Waverley Bernardotte', 'Female', '1959-10-08', '2021-02-10', 'normal');
insert into users (username, email, mobile, password, full_name, gender, dob, create_at, status) values ('ddunkh', 'ddunkh@amazon.de', '613-159-3061', 'LlbywuWw', 'Dalston Dunk', 'Male', '2003-02-16', '2021-10-30', 'normal');
insert into users (username, email, mobile, password, full_name, gender, dob, create_at, status) values ('udelacourti', 'udelacourti@marketwatch.com', '120-956-5786', 'waIysU1hfTJ', 'Ula Delacourt', 'Female', '1952-11-20', '2021-07-27', 'locked');
insert into users (username, email, mobile, password, full_name, gender, dob, create_at, status) values ('smarquesj', 'smarquesj@phoca.cz', '894-441-9578', '7pl83wJk', 'Sterne Marques', 'Male', '1969-12-02', '2020-12-02', 'locked');
insert into users (username, email, mobile, password, full_name, gender, dob, create_at, status) values ('nweetchk', 'nweetchk@ycombinator.com', '958-799-0928', 'hUr9JdIG', 'Noellyn Weetch', 'Female', '1969-09-18', '2020-10-03', 'locked');
insert into users (username, email, mobile, password, full_name, gender, dob, create_at, status) values ('rjaraml', 'rjaraml@amazon.com', '539-816-9455', 'J1yW5r', 'Roger Jaram', 'Male', '1963-01-23', '2021-11-03', 'normal');
insert into users (username, email, mobile, password, full_name, gender, dob, create_at, status) values ('lfaircliffem', 'lfaircliffem@wired.com', '269-432-3496', 'oLKRck3tU', 'Lorne Faircliffe', 'Female', '1955-12-17', '2021-07-15', 'locked');
insert into users (username, email, mobile, password, full_name, gender, dob, create_at, status) values ('rmytonn', 'rmytonn@domainmarket.com', '626-716-1006', '7f653xwrgq', 'Rosemonde Myton', 'Male', '1981-09-09', '2020-04-16', 'locked');
insert into users (username, email, mobile, password, full_name, gender, dob, create_at, status) values ('jclevelando', 'jclevelando@upenn.edu', '374-889-5209', 'cTzlk2wDKyOM', 'Jere Cleveland', 'Male', '1952-09-10', '2020-11-22', 'normal');
insert into users (username, email, mobile, password, full_name, gender, dob, create_at, status) values ('dhickfordp', 'dhickfordp@yale.edu', '844-471-4691', 'Qb783Gv', 'Den Hickford', 'Female', '1976-09-01', '2020-03-06', 'locked');
insert into users (username, email, mobile, password, full_name, gender, dob, create_at, status) values ('mboathq', 'mboathq@themeforest.net', '556-256-7286', 'VQfHHnDtTyf0', 'Morissa Boath', 'Female', '1977-10-21', '2020-07-12', 'normal');
insert into users (username, email, mobile, password, full_name, gender, dob, create_at, status) values ('srahlr', 'srahlr@webeden.co.uk', '286-561-3743', '6FcgwBlXZ', 'Silvia Rahl', 'Female', '1974-06-06', '2022-03-04', 'normal');
insert into users (username, email, mobile, password, full_name, gender, dob, create_at, status) values ('ndyoss', 'ndyoss@youtu.be', '367-494-1167', 'ty4YqEuA', 'Nessa Dyos', 'Male', '1972-06-30', '2020-11-04', 'normal');
insert into users (username, email, mobile, password, full_name, gender, dob, create_at, status) values ('pdreighert', 'pdreighert@chronoengine.com', '936-745-0951', 'iSYwKLN0', 'Paulina Dreigher', 'Female', '1964-08-04', '2020-09-21', 'normal');

-- Insert into address
insert into address (id_users, address) values (3, '8755 Dawn Junction');
insert into address (id_users, address) values (23, '58275 Darwin Crossing');
insert into address (id_users, address) values (27, '590 Forster Crossing');
insert into address (id_users, address) values (2, '57147 Eagan Way');
insert into address (id_users, address) values (3, '6519 Magdeline Court');
insert into address (id_users, address) values (28, '80801 Manufacturers Parkway');
insert into address (id_users, address) values (14, '64 Hooker Circle');
insert into address (id_users, address) values (7, '9 Summit Plaza');
insert into address (id_users, address) values (12, '773 Manley Alley');
insert into address (id_users, address) values (9, '1340 Susan Drive');
insert into address (id_users, address) values (17, '80 Chive Drive');
insert into address (id_users, address) values (21, '7 Algoma Park');
insert into address (id_users, address) values (12, '397 Miller Hill');
insert into address (id_users, address) values (3, '817 Evergreen Avenue');
insert into address (id_users, address) values (23, '0 Main Crossing');
insert into address (id_users, address) values (19, '59 Sage Road');
insert into address (id_users, address) values (7, '6 Maywood Park');
insert into address (id_users, address) values (8, '3139 Crescent Oaks Circle');
insert into address (id_users, address) values (13, '59610 Hermina Way');
insert into address (id_users, address) values (29, '810 Nobel Junction');
insert into address (id_users, address) values (8, '9 Oneill Parkway');
insert into address (id_users, address) values (19, '1303 Rockefeller Circle');
insert into address (id_users, address) values (8, '54 Manufacturers Way');
insert into address (id_users, address) values (26, '07806 Hoepker Place');
insert into address (id_users, address) values (21, '0355 Marcy Center');
insert into address (id_users, address) values (4, '9 Sherman Circle');
insert into address (id_users, address) values (14, '91289 Scott Center');
insert into address (id_users, address) values (17, '45 Kim Center');
insert into address (id_users, address) values (13, '06386 7th Center');
insert into address (id_users, address) values (14, '9378 Victoria Drive');
insert into address (id_users, address) values (19, '889 Sheridan Point');
insert into address (id_users, address) values (21, '1 Roxbury Avenue');
insert into address (id_users, address) values (29, '36855 Mosinee Trail');
insert into address (id_users, address) values (14, '88 Logan Park');
insert into address (id_users, address) values (29, '9316 Paget Parkway');
insert into address (id_users, address) values (26, '5 Melrose Park');
insert into address (id_users, address) values (25, '4 Northfield Plaza');
insert into address (id_users, address) values (11, '41466 Waubesa Crossing');
insert into address (id_users, address) values (10, '553 Crowley Junction');
insert into address (id_users, address) values (10, '52 Kinsman Road');
insert into address (id_users, address) values (24, '9275 Mccormick Road');
insert into address (id_users, address) values (24, '1 Debs Point');
insert into address (id_users, address) values (4, '2840 Montana Alley');
insert into address (id_users, address) values (9, '70 Kim Avenue');
insert into address (id_users, address) values (21, '1284 Moland Hill');
insert into address (id_users, address) values (22, '248 Westport Trail');
insert into address (id_users, address) values (9, '3 Sachs Point');
insert into address (id_users, address) values (13, '208 Village Green Lane');
insert into address (id_users, address) values (16, '497 Florence Terrace');
insert into address (id_users, address) values (8, '19 Miller Road');

-- Insert into users_role 
-- admin
insert into users_role (id_users, id_role) values (1, 1);
-- user
insert into users_role (id_users, id_role) values (1, 2);
insert into users_role (id_users, id_role) values (2, 2);
insert into users_role (id_users, id_role) values (3, 2);
insert into users_role (id_users, id_role) values (4, 2);
insert into users_role (id_users, id_role) values (5, 2);
insert into users_role (id_users, id_role) values (6, 2);
insert into users_role (id_users, id_role) values (7, 2);
insert into users_role (id_users, id_role) values (8, 2);
insert into users_role (id_users, id_role) values (9, 2);
insert into users_role (id_users, id_role) values (10, 2);
insert into users_role (id_users, id_role) values (11, 2);
insert into users_role (id_users, id_role) values (12, 2);
insert into users_role (id_users, id_role) values (13, 2);
insert into users_role (id_users, id_role) values (14, 2);
insert into users_role (id_users, id_role) values (15, 2);
insert into users_role (id_users, id_role) values (16, 2);
insert into users_role (id_users, id_role) values (17, 2);
insert into users_role (id_users, id_role) values (18, 2);
insert into users_role (id_users, id_role) values (19, 2);
insert into users_role (id_users, id_role) values (20, 2);
insert into users_role (id_users, id_role) values (21, 2);
insert into users_role (id_users, id_role) values (22, 2);
insert into users_role (id_users, id_role) values (23, 2);
insert into users_role (id_users, id_role) values (24, 2);
insert into users_role (id_users, id_role) values (25, 2);
insert into users_role (id_users, id_role) values (26, 2);
insert into users_role (id_users, id_role) values (27, 2);
insert into users_role (id_users, id_role) values (28, 2);
insert into users_role (id_users, id_role) values (29, 2);
insert into users_role (id_users, id_role) values (30, 2);
-- shop_owner
insert into users_role (id_users, id_role) values (20, 3);
insert into users_role (id_users, id_role) values (8, 3);
insert into users_role (id_users, id_role) values (23, 3);
insert into users_role (id_users, id_role) values (10, 3);
insert into users_role (id_users, id_role) values (12, 3);
insert into users_role (id_users, id_role) values (2, 3);
insert into users_role (id_users, id_role) values (14, 3);
insert into users_role (id_users, id_role) values (13, 3);
insert into users_role (id_users, id_role) values (27, 3);

-- INSERT INTO shop 
insert into shop (id, id_owner, name, address, create_at, status) values (1, 20, 'Satterfield, Friesen and Kuhlman', '0 Melody Lane', '2020-03-13', 'normal');
insert into shop (id, id_owner, name, address, create_at, status) values (2, 8, 'Morar and Sons', '6816 Rowland Plaza', '2021-02-21', 'locked');
insert into shop (id, id_owner, name, address, create_at, status) values (3, 23, 'Reinger-Simonis', '1698 Autumn Leaf Center', '2020-12-26', 'normal');
insert into shop (id, id_owner, name, address, create_at, status) values (4, 10, 'Prosacco, Schuppe and Powlowski', '2826 Fuller Avenue', '2020-09-01', 'locked');
insert into shop (id, id_owner, name, address, create_at, status) values (5, 12, 'Aufderhar, Toy and Herman', '608 Barnett Park', '2021-01-13', 'normal');
insert into shop (id, id_owner, name, address, create_at, status) values (6, 2, 'Jacobi, Kuhn and Gerhold', '68554 Mosinee Trail', '2020-06-17', 'locked');
insert into shop (id, id_owner, name, address, create_at, status) values (7, 14, 'Von LLC', '58236 Texas Center', '2021-11-18', 'normal');
insert into shop (id, id_owner, name, address, create_at, status) values (8, 13, 'Spencer Group', '27 Vernon Plaza', '2020-03-26', 'locked');
insert into shop (id, id_owner, name, address, create_at, status) values (9, 27, 'Fisher Group', '0 Packers Way', '2021-07-07', 'normal');

-- Insert into product 
insert into product (name, description, quantity, sold_quantity, id_shop, id_category, id_manufacturer, id_country) values ('clindamycin hydrochloride', 'BMdurcoViHLtxcdTWuJ123NHjPq3dJ89e7SBGMWLf4BWPg2mJwk', 8154, 7267, 1, 2, 75, 10);
insert into product (name, description, quantity, sold_quantity, id_shop, id_category, id_manufacturer, id_country) values ('AILANTHUS GLANDULOSUS', 'BLBMdRwqQ6W5DsD9frjX8bFDoJMfccoNAnBLFUYRhLvgQaKnu4h', 2137, 7123, 1, 11, 7, 6);
insert into product (name, description, quantity, sold_quantity, id_shop, id_category, id_manufacturer, id_country) values ('PREDNISONE', 'BLAvG8Sg94Ek9xtWCjnv81aQnucUDQkqBJ5h8pAPNUGdwNbBF62', 4686, 3565, 9, 4, 56, 16);
insert into product (name, description, quantity, sold_quantity, id_shop, id_category, id_manufacturer, id_country) values ('clotrimazole', 'BL3efr3KV5wuaVjLeUb2BBQi9GKHiExEc26GtH7Hi1UjB3S2Puy', 8110, 9479, 5, 12, 38, 16);
insert into product (name, description, quantity, sold_quantity, id_shop, id_category, id_manufacturer, id_country) values ('Dextroamphetamine Saccharate, Amphetamine Aspartate, Dextroamphetamine Sulfate and Amphetamine Sulfate', 'BKmiHz7D7nBszY297rkk4TJ7Fmhyh2sEUW4zBBP8LgQfaRDCWgM', 6533, 163, 1, 17, 93, 2);
insert into product (name, description, quantity, sold_quantity, id_shop, id_category, id_manufacturer, id_country) values ('clindamycin phosphate', 'BLWFhe6hNuP9LCejW5noZBpJuvoHBKd5SacvukFcSaQXA2bW45E', 5235, 5288, 8, 16, 5, 6);
insert into product (name, description, quantity, sold_quantity, id_shop, id_category, id_manufacturer, id_country) values ('TOLNAFTATE', 'BKvHJmgmFJdijSEtgnihfs4YtvxGMpdSB62FDtosxNL6MhQN5MF', 2609, 7981, 1, 15, 24, 12);
insert into product (name, description, quantity, sold_quantity, id_shop, id_category, id_manufacturer, id_country) values ('Acetaminophen and Codeine Phosphate', 'BLMdiSyGEYfTadZehZcEYcP7LmVKT2hXYbSbcoHHFJeJUgrVVat', 7235, 6932, 3, 14, 22, 18);
insert into product (name, description, quantity, sold_quantity, id_shop, id_category, id_manufacturer, id_country) values ('pramipexole dihydrochloride', 'BM9bt7YV1tj1wR5Md7BAPwmymsPcEETPBFfTcaQXn6JhHnjBkV8', 6069, 8996, 4, 1, 11, 5);
insert into product (name, description, quantity, sold_quantity, id_shop, id_category, id_manufacturer, id_country) values ('Brome Grass', 'BMFjdpuVPsd8zcbemAWpcPAMuxxTwmUp1c3DR9yFRpe9gNb4KAg', 7199, 4951, 7, 9, 76, 3);
insert into product (name, description, quantity, sold_quantity, id_shop, id_category, id_manufacturer, id_country) values ('SODIUM MONOFLUOROPHOSPHATE', 'BLDqVE7GASw1fvRHBqA4DzvLnLNKZAkvnoZaNMnSkQRimpFDvVP', 9023, 1136, 9, 4, 30, 5);
insert into product (name, description, quantity, sold_quantity, id_shop, id_category, id_manufacturer, id_country) values ('TRICLOSAN', 'BLPpisLqEKrJGyQWBSd4f3XdGXoctVLWcvtoA6CFLdCzUhSrfrL', 6594, 8466, 5, 5, 12, 13);
insert into product (name, description, quantity, sold_quantity, id_shop, id_category, id_manufacturer, id_country) values ('pilocarpine hydrochloride', 'BLkFsZcnURrSrWAQB693TknTb7dHzXfi5vZ12tp4VBvUTvh9HkM', 7154, 378, 5, 3, 30, 8);
insert into product (name, description, quantity, sold_quantity, id_shop, id_category, id_manufacturer, id_country) values ('Pyrantel Pamoate', 'BM7EsqmWtVzrQmJtTQtjH3eoFJAghxMssgjiYFb3F6N446xwqBd', 8553, 7529, 9, 8, 31, 7);
insert into product (name, description, quantity, sold_quantity, id_shop, id_category, id_manufacturer, id_country) values ('Folic Acid', 'BLzrR4rSbax1EMWMV1bDRGmpdfeooBja6xavWrWoCDwTqYTDect', 903, 8706, 1, 9, 62, 18);
insert into product (name, description, quantity, sold_quantity, id_shop, id_category, id_manufacturer, id_country) values ('Famotidine', 'BKjmPsFjCpotPXQHQYHJeRqQatThcagmUYhv84UiLTCxMyBT2gS', 9348, 800, 1, 13, 97, 2);
insert into product (name, description, quantity, sold_quantity, id_shop, id_category, id_manufacturer, id_country) values ('Suaeda spp.', 'BMTGuNKiu7ykMYNK4nQW8h7DtbYeu6icxBrYgtsqEoUGUic9o6R', 1351, 6808, 6, 13, 77, 3);
insert into product (name, description, quantity, sold_quantity, id_shop, id_category, id_manufacturer, id_country) values ('Dextromethorphan Hydrobromide Guaifenesin', 'BL9jJTguc6YvqQNhJTkgAXt3tmdTFSgkk4bbdNoisHnR22fgkah', 4281, 4097, 5, 5, 8, 16);
insert into product (name, description, quantity, sold_quantity, id_shop, id_category, id_manufacturer, id_country) values ('alendronate sodium', 'BMGDMps9kjzowYCmtuE8dvniNuDPYVjpu4jhMZKwfeV9fCaHcBc', 3523, 9019, 7, 10, 67, 19);
insert into product (name, description, quantity, sold_quantity, id_shop, id_category, id_manufacturer, id_country) values ('Thuja Occidentalis', 'BLfLiUxbo8wmL5v849EakqdWzWzHumkoAYcujosS3TUm7h3g8en', 3777, 4248, 5, 14, 79, 11);
insert into product (name, description, quantity, sold_quantity, id_shop, id_category, id_manufacturer, id_country) values ('Goats Milk', 'BLghfMitcGVqvh6vsJY18deY1vm1tKURaawycexmEfkazoNaTxH', 5831, 949, 8, 7, 62, 5);
insert into product (name, description, quantity, sold_quantity, id_shop, id_category, id_manufacturer, id_country) values ('glyburide', 'BM95Zet6C3i5QDWMdoHhznra5jaaKwR2Nw27HBxVtg7mzcdmAdG', 2179, 9653, 4, 11, 60, 8);
insert into product (name, description, quantity, sold_quantity, id_shop, id_category, id_manufacturer, id_country) values ('Indomethacin', 'BMCjXSgwsrvg9tYPYL4vdjDFddKxPGbi5XzSV39QAbr6xe4ouAE', 4981, 7024, 8, 1, 85, 2);
insert into product (name, description, quantity, sold_quantity, id_shop, id_category, id_manufacturer, id_country) values ('valsartan and hydrochlorothiazide', 'BLfk5PeHonsiUqknNWSZeAKbtiLsDkfgu22ghFcszDgAtM3qxXu', 4108, 4276, 6, 11, 86, 12);
insert into product (name, description, quantity, sold_quantity, id_shop, id_category, id_manufacturer, id_country) values ('Triamcinolone Acetonide', 'BLNjrwX8HcMFp2HkvtvbVZHQdY7nKdibrCJWuLWejvtxPJ27u9C', 2197, 5472, 5, 8, 82, 16);
insert into product (name, description, quantity, sold_quantity, id_shop, id_category, id_manufacturer, id_country) values ('Acetaminophen', 'BL4cfd5NJw1pXbKuqJGyj285YKECXXkmUa33TywbJnvz2pAqWR7', 8760, 9331, 1, 15, 72, 4);
insert into product (name, description, quantity, sold_quantity, id_shop, id_category, id_manufacturer, id_country) values ('Betamethasone Sodium Phosphate and Betamethasone Acetate', 'BLQPGbJj33N9dgPfuAKkLtF3WD1zvp2Mw2LMu4muxGTuDWUUeiC', 5776, 160, 3, 1, 97, 7);
insert into product (name, description, quantity, sold_quantity, id_shop, id_category, id_manufacturer, id_country) values ('ISOLEUCINE, LEUCINE, LYSINE ACETATE, METHIONINE, PHENYLALANINE, THREONINE, TRYPTOPHAN, VALINE, ALANINE, ARGININE, HISTIDINE, PROLINE, SERINE, TYROSINE, GLYCINE, SODIUM CHLORIDE, MAGNESIUM CHLORIDE, SODIUM PHOSPHATE, DIBASIC, and POTASSIUM CHLORIDE', 'BL3mtZBj7E33hy3sCKMHv59oZAcZWfd47Nx1jwTim8FU4yxDo1F', 8384, 8949, 4, 18, 86, 7);
insert into product (name, description, quantity, sold_quantity, id_shop, id_category, id_manufacturer, id_country) values ('Oxymetazoline HCl', 'BLJVhm6aURr1ghgpD6wq6oDYAjgqifFHJkicMBqtdvLFfbpZ8cu', 6934, 9733, 7, 15, 46, 12);
insert into product (name, description, quantity, sold_quantity, id_shop, id_category, id_manufacturer, id_country) values ('omega-3-acid ethyl esters', 'BM7DQpv67c79b3M1LBGa1C75Y5o6sh7tWyuaoycZjqPthZ3ydeW', 2356, 2450, 1, 2, 43, 11);
insert into product (name, description, quantity, sold_quantity, id_shop, id_category, id_manufacturer, id_country) values ('Salicylic Acid', 'BL3QtAnoUvA5cnJMwz8TotVVDK89ktZvi6KZ2P15Nqi8VJPEoZi', 4026, 5598, 5, 4, 72, 17);
insert into product (name, description, quantity, sold_quantity, id_shop, id_category, id_manufacturer, id_country) values ('LIDOCAINE', 'BL5Bs6UhpHgEYodGZJREz6aUX5ftrLSx78RyMJcB1uRJhrMsKMR', 9091, 270, 5, 8, 70, 11);
insert into product (name, description, quantity, sold_quantity, id_shop, id_category, id_manufacturer, id_country) values ('ONDANSETRON', 'BLEbTkRKhwimsREsTj2eQ44VRbWXT9AVTz42HzHzR2SBoYw9w3p', 1112, 6307, 3, 2, 67, 4);
insert into product (name, description, quantity, sold_quantity, id_shop, id_category, id_manufacturer, id_country) values ('bromocriptine mesylate', 'BMaAvh5e3g2YupkoMtJZ5hKmrDh5x4wKDR3L6pZzH7NntvGBLTX', 3268, 8072, 4, 15, 31, 14);
insert into product (name, description, quantity, sold_quantity, id_shop, id_category, id_manufacturer, id_country) values ('Hydrochlorothiazide', 'BLvi8frUkM8EjRNPXAaLXuMh5oZ2sejwcfPwCSx5oKwDNvL8QT2', 9904, 229, 3, 15, 32, 14);
insert into product (name, description, quantity, sold_quantity, id_shop, id_category, id_manufacturer, id_country) values ('octocrylene, octisalate, oxybenzone, and avobenzone', 'BL7b5kajb8VFSqnhNgn2rCqcEVwATJ3UZvhp7g5u9DsLRpoDAeQ', 5276, 1047, 6, 18, 55, 16);
insert into product (name, description, quantity, sold_quantity, id_shop, id_category, id_manufacturer, id_country) values ('Triclosan', 'BKrNqfWEFvbmCQXRQPGRoBC36JmQDUUP1pYWM1y2k4AYgm6TQQd', 2498, 3211, 6, 14, 81, 15);
insert into product (name, description, quantity, sold_quantity, id_shop, id_category, id_manufacturer, id_country) values ('Bismuth Subsalicylate', 'BMH3j11wyzMcYbS7s9nSL76FVQqjHnqFMdSAoYdWmHVBGDEvciA', 9412, 9846, 2, 1, 56, 8);
insert into product (name, description, quantity, sold_quantity, id_shop, id_category, id_manufacturer, id_country) values ('AMMONIUM LACTATE', 'BM735amFT57yagbcx4rDYYtqxDmQD5KgTfrt5evECV2FRTXSth9', 5146, 1713, 3, 8, 100, 13);
insert into product (name, description, quantity, sold_quantity, id_shop, id_category, id_manufacturer, id_country) values ('Tramadol Hydrochloride', 'BMXkQmhVCvTLkb6sBqUbGTnALJQu7bEM7wkQbdgwZij5j4f1wLY', 8782, 6003, 7, 18, 45, 3);
insert into product (name, description, quantity, sold_quantity, id_shop, id_category, id_manufacturer, id_country) values ('ALPRAZOLAM', 'BMRGBPQXJr3rFCkxA9whh78FRi65qyzPvntwtzkwYvZRkVzxbTX', 8339, 6985, 6, 5, 89, 5);
insert into product (name, description, quantity, sold_quantity, id_shop, id_category, id_manufacturer, id_country) values ('Tabebuia impetiginosa, Uncaria tomentosa, Hypothalamus, Pituitary, Glandula suprarenalis, Nadidum, Lacticum acidum,', 'BMG99HM8EJ12xBUxsvFBWtVEz8SK9vABH57Pywx6HyZEPYUW8Fo', 4609, 2010, 8, 14, 86, 9);
insert into product (name, description, quantity, sold_quantity, id_shop, id_category, id_manufacturer, id_country) values ('Ibuprofen', 'BKwHfS2cpuJg3Dpw9mj7uiJTq34ggMS7sLxYjpj6HZU3Wrk6yo8', 6329, 1531, 2, 17, 26, 7);
insert into product (name, description, quantity, sold_quantity, id_shop, id_category, id_manufacturer, id_country) values ('Dextromethorphan HBr, Guaifenesin, Phenylephrine HCl', 'BMZYnF6VEUhLxdQsN8a85aWkYYUrghcx4bLqfeLeMusbDZPdysc', 5489, 9907, 9, 14, 60, 5);
insert into product (name, description, quantity, sold_quantity, id_shop, id_category, id_manufacturer, id_country) values ('Sodium Acetate', 'BLLMwCE6XmV61xxbEQ4ZPuu7XPyc1WTGLy89L7guHT528NVNLGo', 1647, 4718, 6, 13, 24, 7);
insert into product (name, description, quantity, sold_quantity, id_shop, id_category, id_manufacturer, id_country) values ('Benzalkonium Chloride', 'BLJSpR4RWXLXEmwMShKXTJ3dyNFdHVSw5SgrbbFTR3oGQovCqP2', 5092, 851, 3, 19, 56, 13);
insert into product (name, description, quantity, sold_quantity, id_shop, id_category, id_manufacturer, id_country) values ('Acetaminophen and Codeine Phosphate', 'BL4pT4ZrmmDP7bGYcgfwEeweu8wJLYDzWWWeqY4Y5TYdwgdFthi', 6553, 8119, 3, 19, 2, 4);
insert into product (name, description, quantity, sold_quantity, id_shop, id_category, id_manufacturer, id_country) values ('Captopril', 'BLSSPtPTidSjdgKeMUg4UAkBfA11N6xuDvzpkkWpNYRor7MmXRs', 8283, 4491, 8, 16, 30, 15);
insert into product (name, description, quantity, sold_quantity, id_shop, id_category, id_manufacturer, id_country) values ('Oxymorphone Hydrochloride', 'BKqFCbGWgzFYLL5msuBJFY9NB8oLqHt2svpMPLopi9WiMCuPJ9s', 5088, 140, 1, 1, 27, 4);
insert into product (name, description, quantity, sold_quantity, id_shop, id_category, id_manufacturer, id_country) values ('Octinoxate, Octocrylene', 'BMH37gYTaZbC9XEDksMw574jAQFKUGQzknko531Yxh1Ui5WMSdr', 7190, 8552, 4, 16, 29, 2);
insert into product (name, description, quantity, sold_quantity, id_shop, id_category, id_manufacturer, id_country) values ('lomitapide mesylate', 'BLY2yaZZYTwttNbvJ2RDQh8NDcy4GQ5h5KqMeijYSAY6oM6ro7x', 2991, 1289, 9, 20, 56, 1);
insert into product (name, description, quantity, sold_quantity, id_shop, id_category, id_manufacturer, id_country) values ('ATORVASTATIN CALCIUM', 'BLG1iWrVddxzzBbLxEvL2mjjj9VmERtFs27Qn4EhoTtbkRrRoum', 313, 2973, 2, 9, 92, 8);
insert into product (name, description, quantity, sold_quantity, id_shop, id_category, id_manufacturer, id_country) values ('Ensulizole, Octinoxate', 'BKzFh8gb4Ku64Kx8CqkDmP33GotGLa91q2hN52Doi48tWFhNXkw', 3313, 724, 4, 10, 79, 1);
insert into product (name, description, quantity, sold_quantity, id_shop, id_category, id_manufacturer, id_country) values ('OCTOCRYLENE, OCTINOXATE, TITANIUM DIOXIDE', 'BLMvJmBNNp4RKip3fR5AtjqQwsa3sSaYR2VgsJuksDVjN7Yv9iz', 2580, 1501, 8, 10, 20, 15);
insert into product (name, description, quantity, sold_quantity, id_shop, id_category, id_manufacturer, id_country) values ('HYDROCODONE BITARTRATE AND ACETAMINOPHEN', 'BMWnYf4EjcSrp9QLQUJ9khFH4thzu3yTgcZZLjAz8NS43faBkYE', 6487, 7565, 7, 7, 71, 10);
insert into product (name, description, quantity, sold_quantity, id_shop, id_category, id_manufacturer, id_country) values ('METHYLPREDNISOLONE SODIUM SUCCINATE', 'BLRJeCms23KXJMejmywRLysC5qozMcdrnMU288vFw3vKf9pCLdh', 9647, 9080, 4, 7, 54, 8);
insert into product (name, description, quantity, sold_quantity, id_shop, id_category, id_manufacturer, id_country) values ('Minoxidil', 'BMHCAUzr2JGZAK1cWkMua9Gb9cxtXMnxs8cfaSrNXnGrMSZjnT5', 8783, 7121, 2, 10, 60, 2);
insert into product (name, description, quantity, sold_quantity, id_shop, id_category, id_manufacturer, id_country) values ('Clonazepam', 'BMPhRZmAPdmb9XkqK67gNpW6ww9ybrFNgT4GrgfMdd65Z1i332N', 3876, 2294, 2, 1, 13, 11);
insert into product (name, description, quantity, sold_quantity, id_shop, id_category, id_manufacturer, id_country) values ('Warfarin Sodium', 'BMXEFedbSLvcpsn7quD4KQ3XRXFtBimakeJyySTU17bKCizuydy', 6359, 8149, 3, 18, 85, 4);
insert into product (name, description, quantity, sold_quantity, id_shop, id_category, id_manufacturer, id_country) values ('ARSENIC TRIBROMIDE', 'BLFqgUVmGzgHCV5SBN3yAFZkHSyDWqj4Nse4f6k3s59DhzkWZje', 8184, 4453, 1, 12, 68, 18);

-- Insert into price 
insert into price (id_product, price, start_date, end_date) values (12, 42342657, '2021-06-12', '2020-12-31');
insert into price (id_product, price, start_date, end_date) values (12, 21099243, '2019-09-30', '2021-10-29');
insert into price (id_product, price, start_date, end_date) values (41, 35637017, '2021-12-05', '2020-03-15');
insert into price (id_product, price, start_date, end_date) values (34, 31724115, '2020-10-19', '2021-12-07');
insert into price (id_product, price, start_date, end_date) values (35, 11093886, '2019-09-02', '2021-04-17');
insert into price (id_product, price, start_date, end_date) values (23, 49154466, '2019-11-20', '2021-05-31');
insert into price (id_product, price, start_date, end_date) values (2, 9321058, '2020-03-07', '2020-06-20');
insert into price (id_product, price, start_date, end_date) values (14, 34402105, '2021-04-03', '2020-11-17');
insert into price (id_product, price, start_date, end_date) values (23, 29428010, '2022-03-03', '2021-06-18');
insert into price (id_product, price, start_date, end_date) values (1, 15268995, '2019-12-29', '2020-05-19');
insert into price (id_product, price, start_date, end_date) values (13, 5753613, '2020-12-29', '2022-01-26');
insert into price (id_product, price, start_date, end_date) values (3, 48789407, '2021-06-04', '2020-11-13');
insert into price (id_product, price, start_date, end_date) values (15, 38186642, '2020-01-26', '2022-03-03');
insert into price (id_product, price, start_date, end_date) values (46, 25569106, '2020-06-23', '2021-07-03');
insert into price (id_product, price, start_date, end_date) values (42, 13361583, '2019-12-14', '2021-11-30');
insert into price (id_product, price, start_date, end_date) values (42, 13910398, '2019-09-17', '2021-11-26');
insert into price (id_product, price, start_date, end_date) values (48, 930097, '2021-03-18', '2020-07-21');
insert into price (id_product, price, start_date, end_date) values (39, 48641106, '2020-09-02', '2021-06-04');
insert into price (id_product, price, start_date, end_date) values (4, 16530089, '2020-10-23', '2021-10-05');
insert into price (id_product, price, start_date, end_date) values (57, 11316627, '2021-09-25', '2020-11-16');
insert into price (id_product, price, start_date, end_date) values (38, 17665871, '2019-11-20', '2020-10-14');
insert into price (id_product, price, start_date, end_date) values (3, 41495839, '2020-07-10', '2020-07-21');
insert into price (id_product, price, start_date, end_date) values (40, 30177937, '2019-11-28', '2020-05-28');
insert into price (id_product, price, start_date, end_date) values (20, 9012306, '2019-10-28', '2021-07-01');
insert into price (id_product, price, start_date, end_date) values (44, 30222207, '2019-03-17', '2021-02-09');
insert into price (id_product, price, start_date, end_date) values (1, 47216280, '2019-10-20', '2021-02-06');
insert into price (id_product, price, start_date, end_date) values (4, 16190371, '2021-03-31', '2021-11-18');
insert into price (id_product, price, start_date, end_date) values (42, 40926404, '2020-02-16', '2022-02-21');
insert into price (id_product, price, start_date, end_date) values (8, 10516046, '2020-08-20', '2020-03-05');
insert into price (id_product, price, start_date, end_date) values (25, 15990627, '2021-01-07', '2020-11-15');
insert into price (id_product, price, start_date, end_date) values (37, 2640507, '2021-01-01', '2021-08-05');
insert into price (id_product, price, start_date, end_date) values (33, 13999156, '2019-05-12', '2020-07-15');
insert into price (id_product, price, start_date, end_date) values (29, 46186119, '2019-12-31', '2021-06-08');
insert into price (id_product, price, start_date, end_date) values (30, 29768861, '2019-04-17', '2020-06-19');
insert into price (id_product, price, start_date, end_date) values (18, 11415889, '2020-01-16', '2020-03-21');
insert into price (id_product, price, start_date, end_date) values (51, 48812196, '2021-11-18', '2021-05-04');
insert into price (id_product, price, start_date, end_date) values (43, 21215453, '2022-02-18', '2020-10-23');
insert into price (id_product, price, start_date, end_date) values (34, 37719004, '2020-01-19', '2020-10-21');
insert into price (id_product, price, start_date, end_date) values (37, 30407306, '2021-10-12', '2022-01-11');
insert into price (id_product, price, start_date, end_date) values (22, 8968411, '2020-06-30', '2021-03-04');
insert into price (id_product, price, start_date, end_date) values (52, 7304718, '2019-06-10', '2021-09-29');
insert into price (id_product, price, start_date, end_date) values (7, 22620624, '2021-11-06', '2021-09-01');
insert into price (id_product, price, start_date, end_date) values (6, 3150327, '2020-02-10', '2021-10-07');
insert into price (id_product, price, start_date, end_date) values (12, 3643544, '2019-07-01', '2021-02-19');
insert into price (id_product, price, start_date, end_date) values (8, 34214584, '2021-10-28', '2021-09-03');
insert into price (id_product, price, start_date, end_date) values (2, 47148913, '2021-09-12', '2020-05-10');
insert into price (id_product, price, start_date, end_date) values (58, 20494196, '2021-06-05', '2021-12-27');
insert into price (id_product, price, start_date, end_date) values (26, 26157377, '2020-02-16', '2020-10-11');
insert into price (id_product, price, start_date, end_date) values (38, 1949115, '2019-08-09', '2022-01-01');
insert into price (id_product, price, start_date, end_date) values (32, 30706872, '2021-12-16', '2020-06-21');
insert into price (id_product, price, start_date, end_date) values (18, 15137462, '2019-12-03', '2021-04-10');
insert into price (id_product, price, start_date, end_date) values (25, 15711865, '2020-10-06', '2021-02-25');
insert into price (id_product, price, start_date, end_date) values (8, 16429410, '2020-04-30', '2020-06-18');
insert into price (id_product, price, start_date, end_date) values (14, 10822639, '2021-04-08', '2022-01-22');
insert into price (id_product, price, start_date, end_date) values (22, 4243763, '2020-02-13', '2020-06-06');
insert into price (id_product, price, start_date, end_date) values (17, 37642556, '2019-11-12', '2021-08-08');
insert into price (id_product, price, start_date, end_date) values (12, 31683553, '2020-02-03', '2021-12-24');
insert into price (id_product, price, start_date, end_date) values (10, 49600210, '2021-02-12', '2021-11-25');
insert into price (id_product, price, start_date, end_date) values (22, 10570955, '2019-04-09', '2022-01-30');
insert into price (id_product, price, start_date, end_date) values (25, 18922027, '2022-02-10', '2020-03-09');